{"cameraMode":{"drawMode":0,"name":"Shaded","section":"Shading Mode"},"sceneLighting":true,"audioPlay":false,"sceneViewState":{"m_AlwaysRefresh":false,"showFog":true,"showSkybox":true,"showFlares":true,"showImageEffects":true,"showParticleSystems":true,"showVisualEffectGraphs":true,"m_FxEnabled":true},"in2DMode":false,"pivot":{"x":4.67866325378418,"y":3.3039631843566896,"z":-4.918300628662109},"rotation":{"x":0.06052123010158539,"y":0.9395095109939575,"z":-0.22749820351600648,"w":0.24907533824443818},"size":1.5053025484085084,"orthographic":false}