{"cameraMode":{"drawMode":0,"name":"Shaded","section":"Shading Mode"},"sceneLighting":true,"audioPlay":false,"sceneViewState":{"m_AlwaysRefresh":false,"showFog":true,"showSkybox":true,"showFlares":true,"showImageEffects":true,"showParticleSystems":true,"showVisualEffectGraphs":true,"m_FxEnabled":true},"in2DMode":false,"pivot":{"x":24.49834442138672,"y":38.878910064697269,"z":110.35330963134766},"rotation":{"x":0.12724712491035462,"y":-0.7994239330291748,"z":0.18731975555419923,"w":0.5572672486305237},"size":0.09600656479597092,"orthographic":false}