{"cameraMode":{"drawMode":0,"name":"Shaded","section":"Shading Mode"},"sceneLighting":true,"audioPlay":false,"sceneViewState":{"m_AlwaysRefresh":false,"showFog":true,"showSkybox":true,"showFlares":true,"showImageEffects":true,"showParticleSystems":true,"showVisualEffectGraphs":true,"m_FxEnabled":true},"in2DMode":false,"pivot":{"x":1.8500001430511475,"y":16.04400062561035,"z":21.690000534057618},"rotation":{"x":0.014681704342365265,"y":0.8429222106933594,"z":-0.018414879217743875,"w":0.538299560546875},"size":12.12435531616211,"orthographic":false}