{"cameraMode":{"drawMode":0,"name":"Shaded","section":"Shading Mode"},"sceneLighting":true,"audioPlay":false,"sceneViewState":{"m_AlwaysRefresh":false,"showFog":true,"showSkybox":true,"showFlares":true,"showImageEffects":true,"showParticleSystems":true,"showVisualEffectGraphs":true,"m_FxEnabled":true},"in2DMode":false,"pivot":{"x":4.269113063812256,"y":0.6923510432243347,"z":-0.4733535051345825},"rotation":{"x":0.06532599776983261,"y":-0.5445789098739624,"z":0.046935565769672397,"w":0.8354161381721497},"size":0.00392990093678236,"orthographic":false}