{"cameraMode":{"drawMode":0,"name":"Shaded","section":"Shading Mode"},"sceneLighting":true,"audioPlay":false,"sceneViewState":{"m_AlwaysRefresh":false,"showFog":true,"showSkybox":true,"showFlares":true,"showImageEffects":true,"showParticleSystems":true,"showVisualEffectGraphs":true,"m_FxEnabled":true},"in2DMode":false,"pivot":{"x":3.144117593765259,"y":1.996543526649475,"z":11.155956268310547},"rotation":{"x":0.25200220942497256,"y":0.032257772982120517,"z":-0.006297794636338949,"w":0.9675967693328857},"size":0.8660253882408142,"orthographic":false}