{"cameraMode":{"drawMode":0,"name":"Shaded","section":"Shading Mode"},"sceneLighting":true,"audioPlay":false,"sceneViewState":{"m_AlwaysRefresh":false,"showFog":true,"showSkybox":true,"showFlares":true,"showImageEffects":true,"showParticleSystems":true,"showVisualEffectGraphs":true,"m_FxEnabled":true},"in2DMode":false,"pivot":{"x":5.608480453491211,"y":15.430119514465332,"z":13.84859848022461},"rotation":{"x":0.005144186783581972,"y":0.9758546352386475,"z":-0.012390981428325177,"w":0.21981817483901978},"size":12.12435531616211,"orthographic":false}