{"cameraMode":{"drawMode":0,"name":"Shaded","section":"Shading Mode"},"sceneLighting":true,"audioPlay":false,"sceneViewState":{"m_AlwaysRefresh":false,"showFog":true,"showSkybox":true,"showFlares":true,"showImageEffects":true,"showParticleSystems":true,"showVisualEffectGraphs":true,"m_FxEnabled":true},"in2DMode":false,"pivot":{"x":-12.529390335083008,"y":-7.135441780090332,"z":30.396949768066408},"rotation":{"x":0.16148324310779572,"y":-0.23858702182769776,"z":0.042619504034519199,"w":0.9570838212966919},"size":18.593368530273439,"orthographic":false}