{"cameraMode":{"drawMode":0,"name":"Shaded","section":"Shading Mode"},"sceneLighting":false,"audioPlay":false,"sceneViewState":{"m_AlwaysRefresh":false,"showFog":true,"showSkybox":false,"showFlares":true,"showImageEffects":true,"showParticleSystems":true,"showVisualEffectGraphs":true,"m_FxEnabled":true},"in2DMode":false,"pivot":{"x":-0.67169189453125,"y":11.859453201293946,"z":-0.20083999633789063},"rotation":{"x":-0.0029946824070066215,"y":-0.9947340488433838,"z":0.1009213849902153,"w":-0.022872047498822213},"size":71.96022033691406,"orthographic":false}