{"cameraMode":{"drawMode":0,"name":"Shaded","section":"Shading Mode"},"sceneLighting":false,"audioPlay":false,"sceneViewState":{"m_AlwaysRefresh":false,"showFog":true,"showSkybox":false,"showFlares":true,"showImageEffects":true,"showParticleSystems":true,"showVisualEffectGraphs":true,"m_FxEnabled":true},"in2DMode":false,"pivot":{"x":0.021023347973823549,"y":0.9882837533950806,"z":-0.003140583634376526},"rotation":{"x":-0.018283842131495477,"y":0.9804214835166931,"z":-0.1614692509174347,"w":-0.11163077503442764},"size":1.1107832193374634,"orthographic":false}